trial_file,dominant_frequency_hz,energy_2_5_percent_hz,energy_97_5_percent_hz
C:\Users\user\Downloads\Dataset of Leak Simulations in Experimental Testbed Water Distribution System\Dataset of Leak Simulations in Experimental Testbed Water Distribution System\Accelerometer\Accelerometer\Branched\Circumferential Crack\BR_CC_0.18 LPS_A1.csv,219.53125,110.15625,7667.1875
C:\Users\user\Downloads\Dataset of Leak Simulations in Experimental Testbed Water Distribution System\Dataset of Leak Simulations in Experimental Testbed Water Distribution System\Accelerometer\Accelerometer\Branched\Circumferential Crack\BR_CC_0.18 LPS_A2.csv,428.90625,156.25,10475.0
C:\Users\user\Downloads\Dataset of Leak Simulations in Experimental Testbed Water Distribution System\Dataset of Leak Simulations in Experimental Testbed Water Distribution System\Accelerometer\Accelerometer\Branched\Circumferential Crack\BR_CC_0.47 LPS_A1.csv,1889.84375,111.71875,6737.5
C:\Users\user\Downloads\Dataset of Leak Simulations in Experimental Testbed Water Distribution System\Dataset of Leak Simulations in Experimental Testbed Water Distribution System\Accelerometer\Accelerometer\Branched\Circumferential Crack\BR_CC_0.47 LPS_A2.csv,702.34375,27.34375,906.25
C:\Users\user\Downloads\Dataset of Leak Simulations in Experimental Testbed Water Distribution System\Dataset of Leak Simulations in Experimental Testbed Water Distribution System\Accelerometer\Accelerometer\Branched\Circumferential Crack\BR_CC_ND_A1.csv,117.96875,46.09375,916.40625
C:\Users\user\Downloads\Dataset of Leak Simulations in Experimental Testbed Water Distribution System\Dataset of Leak Simulations in Experimental Testbed Water Distribution System\Accelerometer\Accelerometer\Branched\Circumferential Crack\BR_CC_ND_A2.csv,706.25,24.21875,4732.03125
C:\Users\user\Downloads\Dataset of Leak Simulations in Experimental Testbed Water Distribution System\Dataset of Leak Simulations in Experimental Testbed Water Distribution System\Accelerometer\Accelerometer\Branched\Circumferential Crack\BR_CC_Transient_A1.csv,40.625,76.5625,8170.3125
C:\Users\user\Downloads\Dataset of Leak Simulations in Experimental Testbed Water Distribution System\Dataset of Leak Simulations in Experimental Testbed Water Distribution System\Accelerometer\Accelerometer\Branched\Circumferential Crack\BR_CC_Transient_A2.csv,702.34375,1.5625,14921.875
C:\Users\user\Downloads\Dataset of Leak Simulations in Experimental Testbed Water Distribution System\Dataset of Leak Simulations in Experimental Testbed Water Distribution System\Accelerometer\Accelerometer\Branched\Gasket Leak\BR_GL_0.18 LPS_A1.csv,1818.75,124.21875,8370.3125
C:\Users\user\Downloads\Dataset of Leak Simulations in Experimental Testbed Water Distribution System\Dataset of Leak Simulations in Experimental Testbed Water Distribution System\Accelerometer\Accelerometer\Branched\Gasket Leak\BR_GL_0.18 LPS_A2.csv,703.90625,1.5625,800.0
C:\Users\user\Downloads\Dataset of Leak Simulations in Experimental Testbed Water Distribution System\Dataset of Leak Simulations in Experimental Testbed Water Distribution System\Accelerometer\Accelerometer\Branched\Gasket Leak\BR_GL_0.47 LPS_A1.csv,219.53125,143.75,7378.90625
C:\Users\user\Downloads\Dataset of Leak Simulations in Experimental Testbed Water Distribution System\Dataset of Leak Simulations in Experimental Testbed Water Distribution System\Accelerometer\Accelerometer\Branched\Gasket Leak\BR_GL_0.47 LPS_A2.csv,700.78125,1.5625,747.65625
C:\Users\user\Downloads\Dataset of Leak Simulations in Experimental Testbed Water Distribution System\Dataset of Leak Simulations in Experimental Testbed Water Distribution System\Accelerometer\Accelerometer\Branched\Gasket Leak\BR_GL_ND_A1.csv,117.1875,31.25,24812.5
C:\Users\user\Downloads\Dataset of Leak Simulations in Experimental Testbed Water Distribution System\Dataset of Leak Simulations in Experimental Testbed Water Distribution System\Accelerometer\Accelerometer\Branched\Gasket Leak\BR_GL_ND_A2.csv,704.6875,1.5625,800.0
C:\Users\user\Downloads\Dataset of Leak Simulations in Experimental Testbed Water Distribution System\Dataset of Leak Simulations in Experimental Testbed Water Distribution System\Accelerometer\Accelerometer\Branched\Gasket Leak\BR_GL_Transient_A1.csv,217.1875,76.5625,6114.84375
C:\Users\user\Downloads\Dataset of Leak Simulations in Experimental Testbed Water Distribution System\Dataset of Leak Simulations in Experimental Testbed Water Distribution System\Accelerometer\Accelerometer\Branched\Gasket Leak\BR_GL_Transient_A2.csv,701.5625,1.5625,817.96875
C:\Users\user\Downloads\Dataset of Leak Simulations in Experimental Testbed Water Distribution System\Dataset of Leak Simulations in Experimental Testbed Water Distribution System\Accelerometer\Accelerometer\Branched\Longitudinal Crack\BR_LC_0.18 LPS_A1.csv,1856.25,128.90625,8010.9375
C:\Users\user\Downloads\Dataset of Leak Simulations in Experimental Testbed Water Distribution System\Dataset of Leak Simulations in Experimental Testbed Water Distribution System\Accelerometer\Accelerometer\Branched\Longitudinal Crack\BR_LC_0.18 LPS_A2.csv,704.6875,3.125,11201.5625
C:\Users\user\Downloads\Dataset of Leak Simulations in Experimental Testbed Water Distribution System\Dataset of Leak Simulations in Experimental Testbed Water Distribution System\Accelerometer\Accelerometer\Branched\Longitudinal Crack\BR_LC_0.47 LPS_A1.csv,221.09375,121.09375,8210.15625
C:\Users\user\Downloads\Dataset of Leak Simulations in Experimental Testbed Water Distribution System\Dataset of Leak Simulations in Experimental Testbed Water Distribution System\Accelerometer\Accelerometer\Branched\Longitudinal Crack\BR_LC_0.47 LPS_A2.csv,1.5625,1.5625,985.9375
C:\Users\user\Downloads\Dataset of Leak Simulations in Experimental Testbed Water Distribution System\Dataset of Leak Simulations in Experimental Testbed Water Distribution System\Accelerometer\Accelerometer\Branched\Longitudinal Crack\BR_LC_ND_A1.csv,353.125,40.625,1703.90625
C:\Users\user\Downloads\Dataset of Leak Simulations in Experimental Testbed Water Distribution System\Dataset of Leak Simulations in Experimental Testbed Water Distribution System\Accelerometer\Accelerometer\Branched\Longitudinal Crack\BR_LC_ND_A2.csv,706.25,1.5625,997.65625
C:\Users\user\Downloads\Dataset of Leak Simulations in Experimental Testbed Water Distribution System\Dataset of Leak Simulations in Experimental Testbed Water Distribution System\Accelerometer\Accelerometer\Branched\Longitudinal Crack\BR_LC_Transient_A1.csv,1813.28125,115.625,8373.4375
C:\Users\user\Downloads\Dataset of Leak Simulations in Experimental Testbed Water Distribution System\Dataset of Leak Simulations in Experimental Testbed Water Distribution System\Accelerometer\Accelerometer\Branched\Longitudinal Crack\BR_LC_Transient_A2.csv,702.34375,1.5625,989.0625
C:\Users\user\Downloads\Dataset of Leak Simulations in Experimental Testbed Water Distribution System\Dataset of Leak Simulations in Experimental Testbed Water Distribution System\Accelerometer\Accelerometer\Branched\No-leak\BR_NL_0.18 LPS_A1.csv,1839.0625,135.9375,7868.75
C:\Users\user\Downloads\Dataset of Leak Simulations in Experimental Testbed Water Distribution System\Dataset of Leak Simulations in Experimental Testbed Water Distribution System\Accelerometer\Accelerometer\Branched\No-leak\BR_NL_0.18 LPS_A2.csv,3.90625,1.5625,706.25
C:\Users\user\Downloads\Dataset of Leak Simulations in Experimental Testbed Water Distribution System\Dataset of Leak Simulations in Experimental Testbed Water Distribution System\Accelerometer\Accelerometer\Branched\No-leak\BR_NL_0.47 LPS_A1.csv,221.09375,186.71875,8446.875
C:\Users\user\Downloads\Dataset of Leak Simulations in Experimental Testbed Water Distribution System\Dataset of Leak Simulations in Experimental Testbed Water Distribution System\Accelerometer\Accelerometer\Branched\No-leak\BR_NL_0.47 LPS_A2.csv,1.5625,1.5625,703.90625
C:\Users\user\Downloads\Dataset of Leak Simulations in Experimental Testbed Water Distribution System\Dataset of Leak Simulations in Experimental Testbed Water Distribution System\Accelerometer\Accelerometer\Branched\No-leak\BR_NL_ND_A1.csv,117.96875,32.03125,1060.9375
C:\Users\user\Downloads\Dataset of Leak Simulations in Experimental Testbed Water Distribution System\Dataset of Leak Simulations in Experimental Testbed Water Distribution System\Accelerometer\Accelerometer\Branched\No-leak\BR_NL_ND_A2.csv,1.5625,1.5625,1529.6875
C:\Users\user\Downloads\Dataset of Leak Simulations in Experimental Testbed Water Distribution System\Dataset of Leak Simulations in Experimental Testbed Water Distribution System\Accelerometer\Accelerometer\Branched\No-leak\BR_NL_Transient_A1.csv,217.1875,114.0625,8314.84375
C:\Users\user\Downloads\Dataset of Leak Simulations in Experimental Testbed Water Distribution System\Dataset of Leak Simulations in Experimental Testbed Water Distribution System\Accelerometer\Accelerometer\Branched\No-leak\BR_NL_Transient_A2.csv,1.5625,1.5625,758.59375
C:\Users\user\Downloads\Dataset of Leak Simulations in Experimental Testbed Water Distribution System\Dataset of Leak Simulations in Experimental Testbed Water Distribution System\Accelerometer\Accelerometer\Branched\Orifice Leak\BR_OL_0.18 LPS_A1.csv,215.625,110.9375,8257.03125
C:\Users\user\Downloads\Dataset of Leak Simulations in Experimental Testbed Water Distribution System\Dataset of Leak Simulations in Experimental Testbed Water Distribution System\Accelerometer\Accelerometer\Branched\Orifice Leak\BR_OL_0.18 LPS_A2.csv,3.125,1.5625,957.8125
C:\Users\user\Downloads\Dataset of Leak Simulations in Experimental Testbed Water Distribution System\Dataset of Leak Simulations in Experimental Testbed Water Distribution System\Accelerometer\Accelerometer\Branched\Orifice Leak\BR_OL_0.47 LPS_A1.csv,1834.375,114.0625,8533.59375
C:\Users\user\Downloads\Dataset of Leak Simulations in Experimental Testbed Water Distribution System\Dataset of Leak Simulations in Experimental Testbed Water Distribution System\Accelerometer\Accelerometer\Branched\Orifice Leak\BR_OL_0.47 LPS_A2.csv,1.5625,1.5625,1028.125
C:\Users\user\Downloads\Dataset of Leak Simulations in Experimental Testbed Water Distribution System\Dataset of Leak Simulations in Experimental Testbed Water Distribution System\Accelerometer\Accelerometer\Branched\Orifice Leak\BR_OL_ND_A1.csv,117.96875,35.9375,942.1875
C:\Users\user\Downloads\Dataset of Leak Simulations in Experimental Testbed Water Distribution System\Dataset of Leak Simulations in Experimental Testbed Water Distribution System\Accelerometer\Accelerometer\Branched\Orifice Leak\BR_OL_ND_A2.csv,3.125,1.5625,707.03125
C:\Users\user\Downloads\Dataset of Leak Simulations in Experimental Testbed Water Distribution System\Dataset of Leak Simulations in Experimental Testbed Water Distribution System\Accelerometer\Accelerometer\Branched\Orifice Leak\BR_OL_Transient_A1.csv,1850.0,89.0625,8219.53125
C:\Users\user\Downloads\Dataset of Leak Simulations in Experimental Testbed Water Distribution System\Dataset of Leak Simulations in Experimental Testbed Water Distribution System\Accelerometer\Accelerometer\Branched\Orifice Leak\BR_OL_Transient_A2.csv,1.5625,1.5625,880.46875
C:\Users\user\Downloads\Dataset of Leak Simulations in Experimental Testbed Water Distribution System\Dataset of Leak Simulations in Experimental Testbed Water Distribution System\Accelerometer\Accelerometer\Looped\Circumferential Crack\LO_CC_0.18 LPS_A1.csv,235.15625,106.25,7978.125
C:\Users\user\Downloads\Dataset of Leak Simulations in Experimental Testbed Water Distribution System\Dataset of Leak Simulations in Experimental Testbed Water Distribution System\Accelerometer\Accelerometer\Looped\Circumferential Crack\LO_CC_0.18 LPS_A2.csv,246.875,26.5625,7628.125
C:\Users\user\Downloads\Dataset of Leak Simulations in Experimental Testbed Water Distribution System\Dataset of Leak Simulations in Experimental Testbed Water Distribution System\Accelerometer\Accelerometer\Looped\Circumferential Crack\LO_CC_0.47 LPS_A1.csv,1919.53125,131.25,8011.71875
C:\Users\user\Downloads\Dataset of Leak Simulations in Experimental Testbed Water Distribution System\Dataset of Leak Simulations in Experimental Testbed Water Distribution System\Accelerometer\Accelerometer\Looped\Circumferential Crack\LO_CC_0.47 LPS_A2.csv,246.875,19.53125,7633.59375
C:\Users\user\Downloads\Dataset of Leak Simulations in Experimental Testbed Water Distribution System\Dataset of Leak Simulations in Experimental Testbed Water Distribution System\Accelerometer\Accelerometer\Looped\Circumferential Crack\LO_CC_ND_A1.csv,117.96875,92.96875,395.3125
C:\Users\user\Downloads\Dataset of Leak Simulations in Experimental Testbed Water Distribution System\Dataset of Leak Simulations in Experimental Testbed Water Distribution System\Accelerometer\Accelerometer\Looped\Circumferential Crack\LO_CC_ND_A2.csv,246.875,26.5625,7649.21875
C:\Users\user\Downloads\Dataset of Leak Simulations in Experimental Testbed Water Distribution System\Dataset of Leak Simulations in Experimental Testbed Water Distribution System\Accelerometer\Accelerometer\Looped\Circumferential Crack\LO_CC_Transient_A1.csv,1.5625,107.8125,8454.6875
C:\Users\user\Downloads\Dataset of Leak Simulations in Experimental Testbed Water Distribution System\Dataset of Leak Simulations in Experimental Testbed Water Distribution System\Accelerometer\Accelerometer\Looped\Circumferential Crack\LO_CC_Transient_A2.csv,246.875,26.5625,7637.5
C:\Users\user\Downloads\Dataset of Leak Simulations in Experimental Testbed Water Distribution System\Dataset of Leak Simulations in Experimental Testbed Water Distribution System\Accelerometer\Accelerometer\Looped\Gasket Leak\LO_GL_0.18 LPS_A1.csv,1.5625,1.5625,906.25
C:\Users\user\Downloads\Dataset of Leak Simulations in Experimental Testbed Water Distribution System\Dataset of Leak Simulations in Experimental Testbed Water Distribution System\Accelerometer\Accelerometer\Looped\Gasket Leak\LO_GL_0.18 LPS_A2.csv,246.875,18.75,7628.90625
C:\Users\user\Downloads\Dataset of Leak Simulations in Experimental Testbed Water Distribution System\Dataset of Leak Simulations in Experimental Testbed Water Distribution System\Accelerometer\Accelerometer\Looped\Gasket Leak\LO_GL_0.47 LPS_A1.csv,1.5625,1.5625,10233.59375
C:\Users\user\Downloads\Dataset of Leak Simulations in Experimental Testbed Water Distribution System\Dataset of Leak Simulations in Experimental Testbed Water Distribution System\Accelerometer\Accelerometer\Looped\Gasket Leak\LO_GL_0.47 LPS_A2.csv,246.875,18.75,7664.0625
C:\Users\user\Downloads\Dataset of Leak Simulations in Experimental Testbed Water Distribution System\Dataset of Leak Simulations in Experimental Testbed Water Distribution System\Accelerometer\Accelerometer\Looped\Gasket Leak\LO_GL_ND_A1.csv,1.5625,1.5625,20924.21875
C:\Users\user\Downloads\Dataset of Leak Simulations in Experimental Testbed Water Distribution System\Dataset of Leak Simulations in Experimental Testbed Water Distribution System\Accelerometer\Accelerometer\Looped\Gasket Leak\LO_GL_ND_A2.csv,246.875,18.75,7664.84375
C:\Users\user\Downloads\Dataset of Leak Simulations in Experimental Testbed Water Distribution System\Dataset of Leak Simulations in Experimental Testbed Water Distribution System\Accelerometer\Accelerometer\Looped\Gasket Leak\LO_GL_Transient_A1.csv,1.5625,1.5625,410.15625
C:\Users\user\Downloads\Dataset of Leak Simulations in Experimental Testbed Water Distribution System\Dataset of Leak Simulations in Experimental Testbed Water Distribution System\Accelerometer\Accelerometer\Looped\Gasket Leak\LO_GL_Transient_A2.csv,246.875,18.75,7664.84375
C:\Users\user\Downloads\Dataset of Leak Simulations in Experimental Testbed Water Distribution System\Dataset of Leak Simulations in Experimental Testbed Water Distribution System\Accelerometer\Accelerometer\Looped\Longitudinal Crack\LO_LC_0.18 LPS_A1.csv,117.1875,91.40625,8325.78125
C:\Users\user\Downloads\Dataset of Leak Simulations in Experimental Testbed Water Distribution System\Dataset of Leak Simulations in Experimental Testbed Water Distribution System\Accelerometer\Accelerometer\Looped\Longitudinal Crack\LO_LC_0.18 LPS_A2.csv,246.875,19.53125,7639.84375
C:\Users\user\Downloads\Dataset of Leak Simulations in Experimental Testbed Water Distribution System\Dataset of Leak Simulations in Experimental Testbed Water Distribution System\Accelerometer\Accelerometer\Looped\Longitudinal Crack\LO_LC_0.47 LPS_A1.csv,233.59375,117.1875,8550.0
C:\Users\user\Downloads\Dataset of Leak Simulations in Experimental Testbed Water Distribution System\Dataset of Leak Simulations in Experimental Testbed Water Distribution System\Accelerometer\Accelerometer\Looped\Longitudinal Crack\LO_LC_0.47 LPS_A2.csv,246.875,26.5625,7637.5
C:\Users\user\Downloads\Dataset of Leak Simulations in Experimental Testbed Water Distribution System\Dataset of Leak Simulations in Experimental Testbed Water Distribution System\Accelerometer\Accelerometer\Looped\Longitudinal Crack\LO_LC_ND_A1.csv,117.96875,77.34375,8143.75
C:\Users\user\Downloads\Dataset of Leak Simulations in Experimental Testbed Water Distribution System\Dataset of Leak Simulations in Experimental Testbed Water Distribution System\Accelerometer\Accelerometer\Looped\Longitudinal Crack\LO_LC_ND_A2.csv,246.875,26.5625,7646.09375
C:\Users\user\Downloads\Dataset of Leak Simulations in Experimental Testbed Water Distribution System\Dataset of Leak Simulations in Experimental Testbed Water Distribution System\Accelerometer\Accelerometer\Looped\Longitudinal Crack\LO_LC_Transient_A1.csv,1.5625,53.90625,8599.21875
C:\Users\user\Downloads\Dataset of Leak Simulations in Experimental Testbed Water Distribution System\Dataset of Leak Simulations in Experimental Testbed Water Distribution System\Accelerometer\Accelerometer\Looped\Longitudinal Crack\LO_LC_Transient_A2.csv,246.875,26.5625,7642.1875
C:\Users\user\Downloads\Dataset of Leak Simulations in Experimental Testbed Water Distribution System\Dataset of Leak Simulations in Experimental Testbed Water Distribution System\Accelerometer\Accelerometer\Looped\No-leak\LO_NL_0.18 LPS_A1.csv,235.15625,105.46875,7312.5
C:\Users\user\Downloads\Dataset of Leak Simulations in Experimental Testbed Water Distribution System\Dataset of Leak Simulations in Experimental Testbed Water Distribution System\Accelerometer\Accelerometer\Looped\No-leak\LO_NL_0.18 LPS_A2.csv,175.78125,102.34375,656.25
C:\Users\user\Downloads\Dataset of Leak Simulations in Experimental Testbed Water Distribution System\Dataset of Leak Simulations in Experimental Testbed Water Distribution System\Accelerometer\Accelerometer\Looped\No-leak\LO_NL_0.47 LPS_A1.csv,1799.21875,169.53125,6472.65625
C:\Users\user\Downloads\Dataset of Leak Simulations in Experimental Testbed Water Distribution System\Dataset of Leak Simulations in Experimental Testbed Water Distribution System\Accelerometer\Accelerometer\Looped\No-leak\LO_NL_0.47 LPS_A2.csv,702.34375,158.59375,800.0
C:\Users\user\Downloads\Dataset of Leak Simulations in Experimental Testbed Water Distribution System\Dataset of Leak Simulations in Experimental Testbed Water Distribution System\Accelerometer\Accelerometer\Looped\No-leak\LO_NL_ND_A1.csv,117.96875,77.34375,439.0625
C:\Users\user\Downloads\Dataset of Leak Simulations in Experimental Testbed Water Distribution System\Dataset of Leak Simulations in Experimental Testbed Water Distribution System\Accelerometer\Accelerometer\Looped\No-leak\LO_NL_ND_A2.csv,239.84375,107.8125,869.53125
C:\Users\user\Downloads\Dataset of Leak Simulations in Experimental Testbed Water Distribution System\Dataset of Leak Simulations in Experimental Testbed Water Distribution System\Accelerometer\Accelerometer\Looped\No-leak\LO_NL_Transient_A1.csv,42.96875,46.875,5499.21875
C:\Users\user\Downloads\Dataset of Leak Simulations in Experimental Testbed Water Distribution System\Dataset of Leak Simulations in Experimental Testbed Water Distribution System\Accelerometer\Accelerometer\Looped\No-leak\LO_NL_Transient_A2.csv,1.5625,1.5625,846.09375
C:\Users\user\Downloads\Dataset of Leak Simulations in Experimental Testbed Water Distribution System\Dataset of Leak Simulations in Experimental Testbed Water Distribution System\Accelerometer\Accelerometer\Looped\Orifice Leak\LO_OL_0.18 LPS_A1.csv,235.15625,100.78125,7950.0
C:\Users\user\Downloads\Dataset of Leak Simulations in Experimental Testbed Water Distribution System\Dataset of Leak Simulations in Experimental Testbed Water Distribution System\Accelerometer\Accelerometer\Looped\Orifice Leak\LO_OL_0.18 LPS_A2.csv,174.21875,150.0,705.46875
C:\Users\user\Downloads\Dataset of Leak Simulations in Experimental Testbed Water Distribution System\Dataset of Leak Simulations in Experimental Testbed Water Distribution System\Accelerometer\Accelerometer\Looped\Orifice Leak\LO_OL_0.47 LPS_A1.csv,117.1875,112.5,7665.625
C:\Users\user\Downloads\Dataset of Leak Simulations in Experimental Testbed Water Distribution System\Dataset of Leak Simulations in Experimental Testbed Water Distribution System\Accelerometer\Accelerometer\Looped\Orifice Leak\LO_OL_0.47 LPS_A2.csv,185.15625,165.625,790.625
C:\Users\user\Downloads\Dataset of Leak Simulations in Experimental Testbed Water Distribution System\Dataset of Leak Simulations in Experimental Testbed Water Distribution System\Accelerometer\Accelerometer\Looped\Orifice Leak\LO_OL_ND_A1.csv,117.96875,79.6875,930.46875
C:\Users\user\Downloads\Dataset of Leak Simulations in Experimental Testbed Water Distribution System\Dataset of Leak Simulations in Experimental Testbed Water Distribution System\Accelerometer\Accelerometer\Looped\Orifice Leak\LO_OL_ND_A2.csv,706.25,166.40625,827.34375
C:\Users\user\Downloads\Dataset of Leak Simulations in Experimental Testbed Water Distribution System\Dataset of Leak Simulations in Experimental Testbed Water Distribution System\Accelerometer\Accelerometer\Looped\Orifice Leak\LO_OL_Transient_A1.csv,1788.28125,105.46875,8584.375
C:\Users\user\Downloads\Dataset of Leak Simulations in Experimental Testbed Water Distribution System\Dataset of Leak Simulations in Experimental Testbed Water Distribution System\Accelerometer\Accelerometer\Looped\Orifice Leak\LO_OL_Transient_A2.csv,701.5625,2.34375,820.3125
