trial_file,actual,predicted,correct,window_accuracy_within_trial,n_windows
LO_CC_0.18 LPS_A1,Circumferential Crack,Longitudinal Crack,False,0.0,51
LO_CC_0.18 LPS_A2,Circumferential Crack,Longitudinal Crack,False,0.11764705882352941,51
LO_CC_0.47 LPS_A1,Circumferential Crack,Circumferential Crack,True,1.0,50
LO_CC_0.47 LPS_A2,Circumferential Crack,Circumferential Crack,True,0.7843137254901961,51
LO_CC_ND_A1,Circumferential Crack,No Leak,False,0.0,50
LO_CC_ND_A2,Circumferential Crack,Circumferential Crack,True,0.84,50
LO_CC_Transient_A1,Circumferential Crack,Longitudinal Crack,False,0.0,50
LO_CC_Transient_A2,Circumferential Crack,Circumferential Crack,True,0.9807692307692307,52
LO_GL_0.18 LPS_A1,Gasket Leak,Orifice Leak,False,0.02,50
LO_GL_0.18 LPS_A2,Gasket Leak,Gasket Leak,True,1.0,50
LO_GL_0.47 LPS_A1,Gasket Leak,Gasket Leak,True,0.7884615384615384,52
LO_GL_0.47 LPS_A2,Gasket Leak,Gasket Leak,True,1.0,52
LO_GL_ND_A1,Gasket Leak,Gasket Leak,True,1.0,51
LO_GL_ND_A2,Gasket Leak,Gasket Leak,True,1.0,51
LO_GL_Transient_A1,Gasket Leak,Orifice Leak,False,0.07692307692307693,52
LO_GL_Transient_A2,Gasket Leak,Gasket Leak,True,0.96,50
LO_LC_0.18 LPS_A1,Longitudinal Crack,Circumferential Crack,False,0.0,51
LO_LC_0.18 LPS_A2,Longitudinal Crack,Gasket Leak,False,0.0,50
LO_LC_0.47 LPS_A1,Longitudinal Crack,Longitudinal Crack,True,0.92,50
LO_LC_0.47 LPS_A2,Longitudinal Crack,Gasket Leak,False,0.04,50
LO_LC_ND_A1,Longitudinal Crack,Longitudinal Crack,True,0.62,50
LO_LC_ND_A2,Longitudinal Crack,Circumferential Crack,False,0.05555555555555555,54
LO_LC_Transient_A1,Longitudinal Crack,Circumferential Crack,False,0.40384615384615385,52
LO_LC_Transient_A2,Longitudinal Crack,Circumferential Crack,False,0.0,52
LO_NL_0.18 LPS_A1,No Leak,Longitudinal Crack,False,0.0,50
LO_NL_0.18 LPS_A2,No Leak,Orifice Leak,False,0.0,51
LO_NL_0.47 LPS_A1,No Leak,No Leak,True,0.6,50
LO_NL_0.47 LPS_A2,No Leak,No Leak,True,0.9803921568627451,51
LO_NL_ND_A1,No Leak,Orifice Leak,False,0.32,50
LO_NL_ND_A2,No Leak,Longitudinal Crack,False,0.0,50
LO_NL_Transient_A1,No Leak,Gasket Leak,False,0.2,50
LO_NL_Transient_A2,No Leak,No Leak,True,0.7142857142857143,49
LO_OL_0.18 LPS_A1,Orifice Leak,Orifice Leak,True,0.84,50
LO_OL_0.18 LPS_A2,Orifice Leak,Circumferential Crack,False,0.058823529411764705,51
LO_OL_0.47 LPS_A1,Orifice Leak,Orifice Leak,True,0.62,50
LO_OL_0.47 LPS_A2,Orifice Leak,No Leak,False,0.0196078431372549,51
LO_OL_ND_A1,Orifice Leak,No Leak,False,0.0,50
LO_OL_ND_A2,Orifice Leak,Longitudinal Crack,False,0.0,50
LO_OL_Transient_A1,Orifice Leak,Orifice Leak,True,0.803921568627451,51
LO_OL_Transient_A2,Orifice Leak,Orifice Leak,True,0.49019607843137253,51
BR_CC_0.18 LPS_A1,Circumferential Crack,Orifice Leak,False,0.0,51
BR_CC_0.18 LPS_A2,Circumferential Crack,Longitudinal Crack,False,0.0,50
BR_CC_0.47 LPS_A1,Circumferential Crack,Orifice Leak,False,0.10204081632653061,49
BR_CC_0.47 LPS_A2,Circumferential Crack,Longitudinal Crack,False,0.22,50
BR_CC_ND_A1,Circumferential Crack,Orifice Leak,False,0.0196078431372549,51
BR_CC_ND_A2,Circumferential Crack,Longitudinal Crack,False,0.0,52
BR_CC_Transient_A1,Circumferential Crack,Longitudinal Crack,False,0.21568627450980393,51
BR_CC_Transient_A2,Circumferential Crack,Longitudinal Crack,False,0.0,51
BR_GL_0.18 LPS_A1,Gasket Leak,No Leak,False,0.02,50
BR_GL_0.18 LPS_A2,Gasket Leak,Orifice Leak,False,0.28,50
BR_GL_0.47 LPS_A1,Gasket Leak,No Leak,False,0.19607843137254902,51
BR_GL_0.47 LPS_A2,Gasket Leak,Orifice Leak,False,0.0,51
BR_GL_ND_A1,Gasket Leak,Gasket Leak,True,0.7450980392156863,51
BR_GL_ND_A2,Gasket Leak,Orifice Leak,False,0.1568627450980392,51
BR_GL_Transient_A1,Gasket Leak,Gasket Leak,True,0.37254901960784315,51
BR_GL_Transient_A2,Gasket Leak,Orifice Leak,False,0.10204081632653061,49
BR_LC_0.18 LPS_A1,Longitudinal Crack,No Leak,False,0.0,51
BR_LC_0.18 LPS_A2,Longitudinal Crack,Circumferential Crack,False,0.02127659574468085,47
BR_LC_0.47 LPS_A1,Longitudinal Crack,No Leak,False,0.11764705882352941,51
BR_LC_0.47 LPS_A2,Longitudinal Crack,Orifice Leak,False,0.15384615384615385,52
BR_LC_ND_A1,Longitudinal Crack,Longitudinal Crack,True,1.0,51
BR_LC_ND_A2,Longitudinal Crack,Circumferential Crack,False,0.28846153846153844,52
BR_LC_Transient_A1,Longitudinal Crack,No Leak,False,0.36538461538461536,52
BR_LC_Transient_A2,Longitudinal Crack,Orifice Leak,False,0.19230769230769232,52
BR_NL_0.18 LPS_A1,No Leak,Gasket Leak,False,0.0,51
BR_NL_0.18 LPS_A2,No Leak,No Leak,True,0.9607843137254902,51
BR_NL_0.47 LPS_A1,No Leak,Gasket Leak,False,0.26,50
BR_NL_0.47 LPS_A2,No Leak,No Leak,True,0.9411764705882353,51
BR_NL_ND_A1,No Leak,No Leak,True,0.9803921568627451,51
BR_NL_ND_A2,No Leak,No Leak,True,0.98,50
BR_NL_Transient_A1,No Leak,Longitudinal Crack,False,0.19607843137254902,51
BR_NL_Transient_A2,No Leak,No Leak,True,0.7115384615384616,52
BR_OL_0.18 LPS_A1,Orifice Leak,Orifice Leak,True,0.58,50
BR_OL_0.18 LPS_A2,Orifice Leak,No Leak,False,0.0196078431372549,51
BR_OL_0.47 LPS_A1,Orifice Leak,Circumferential Crack,False,0.14,50
BR_OL_0.47 LPS_A2,Orifice Leak,Gasket Leak,False,0.0196078431372549,51
BR_OL_ND_A1,Orifice Leak,Circumferential Crack,False,0.0,51
BR_OL_ND_A2,Orifice Leak,Gasket Leak,False,0.42,50
BR_OL_Transient_A1,Orifice Leak,Longitudinal Crack,False,0.019230769230769232,52
BR_OL_Transient_A2,Orifice Leak,No Leak,False,0.3269230769230769,52
