trial_id,leak_type,y,n_windows,y_pred,vote_leak_fraction,mean_score
BR_CC_0.18 LPS_A1,Circumferential Crack,1,11,1,1.0,0.6657695371639989
BR_CC_0.18 LPS_A2,Circumferential Crack,1,10,1,1.0,0.8951140897097918
BR_CC_0.47 LPS_A1,Circumferential Crack,1,10,1,1.0,1.2020102316955854
BR_CC_0.47 LPS_A2,Circumferential Crack,1,10,1,1.0,0.9173195734346576
BR_CC_ND_A1,Circumferential Crack,1,11,1,1.0,0.9368732716722961
BR_CC_ND_A2,Circumferential Crack,1,11,1,1.0,1.0782103247927717
BR_CC_Transient_A1,Circumferential Crack,1,11,1,1.0,0.8551826876639811
BR_CC_Transient_A2,Circumferential Crack,1,11,1,1.0,1.1082711892084
BR_GL_0.18 LPS_A1,Gasket Leak,1,10,1,1.0,0.17418425447261043
BR_GL_0.18 LPS_A2,Gasket Leak,1,10,1,0.9,0.9136540798529065
BR_GL_0.47 LPS_A1,Gasket Leak,1,11,1,0.8181818181818182,0.349173033334916
BR_GL_0.47 LPS_A2,Gasket Leak,1,11,0,0.2727272727272727,-0.39719896590303977
BR_GL_ND_A1,Gasket Leak,1,11,1,1.0,1.0388906250047691
BR_GL_ND_A2,Gasket Leak,1,11,1,1.0,1.0074443194651665
BR_GL_Transient_A1,Gasket Leak,1,11,1,1.0,1.1477685634303854
BR_GL_Transient_A2,Gasket Leak,1,10,1,1.0,1.5720919818744479
BR_LC_0.18 LPS_A1,Longitudinal Crack,1,11,1,1.0,0.14277203617537595
BR_LC_0.18 LPS_A2,Longitudinal Crack,1,10,1,1.0,0.9370610730016145
BR_LC_0.47 LPS_A1,Longitudinal Crack,1,11,1,1.0,0.3785631423670262
BR_LC_0.47 LPS_A2,Longitudinal Crack,1,11,1,1.0,0.8912884861133054
BR_LC_ND_A1,Longitudinal Crack,1,11,1,1.0,1.010755877726943
BR_LC_ND_A2,Longitudinal Crack,1,11,1,1.0,1.1917433774051072
BR_LC_Transient_A1,Longitudinal Crack,1,12,1,0.9166666666666666,1.0392574504835483
BR_LC_Transient_A2,Longitudinal Crack,1,11,1,1.0,1.189785130394411
BR_NL_0.18 LPS_A1,No Leak,0,11,1,1.0,0.2550883469489351
BR_NL_0.18 LPS_A2,No Leak,0,11,0,0.0,-0.7757666244933755
BR_NL_0.47 LPS_A1,No Leak,0,10,1,1.0,0.6557259025319495
BR_NL_0.47 LPS_A2,No Leak,0,11,0,0.36363636363636365,-0.18027839956869876
BR_NL_ND_A1,No Leak,0,11,1,1.0,1.031906252176002
BR_NL_ND_A2,No Leak,0,10,0,0.1,-0.7081465834387208
BR_NL_Transient_A1,No Leak,0,11,0,0.45454545454545453,0.11817123668893509
BR_NL_Transient_A2,No Leak,0,11,0,0.09090909090909091,-0.49992440549564154
BR_OL_0.18 LPS_A1,Orifice Leak,1,10,1,0.7,0.0977613741495613
BR_OL_0.18 LPS_A2,Orifice Leak,1,11,1,0.5454545454545454,0.1367567107831501
BR_OL_0.47 LPS_A1,Orifice Leak,1,10,1,1.0,2.254637198008892
BR_OL_0.47 LPS_A2,Orifice Leak,1,11,0,0.2727272727272727,-0.47199035968445424
BR_OL_ND_A1,Orifice Leak,1,11,1,1.0,0.9713217959224754
BR_OL_ND_A2,Orifice Leak,1,10,1,0.9,0.7557020631372535
BR_OL_Transient_A1,Orifice Leak,1,11,1,0.8181818181818182,1.005549081834362
BR_OL_Transient_A2,Orifice Leak,1,11,0,0.2727272727272727,-0.47127653145074755
LO_CC_0.18 LPS_A1,Circumferential Crack,1,11,1,1.0,0.9912562301144007
LO_CC_0.18 LPS_A2,Circumferential Crack,1,11,1,1.0,1.0031914082939404
LO_CC_0.47 LPS_A1,Circumferential Crack,1,10,1,1.0,0.9789904460566776
LO_CC_0.47 LPS_A2,Circumferential Crack,1,11,1,1.0,1.003590342267725
LO_CC_ND_A1,Circumferential Crack,1,10,1,1.0,0.9542533889845559
LO_CC_ND_A2,Circumferential Crack,1,10,1,1.0,1.0036043384793203
LO_CC_Transient_A1,Circumferential Crack,1,10,1,1.0,0.9817160935038791
LO_CC_Transient_A2,Circumferential Crack,1,11,1,1.0,1.004602053330923
LO_GL_0.18 LPS_A1,Gasket Leak,1,10,1,0.7,0.1122153446627427
LO_GL_0.18 LPS_A2,Gasket Leak,1,10,1,1.0,1.0053277746844562
LO_GL_0.47 LPS_A1,Gasket Leak,1,11,1,1.0,1.0145082146808064
LO_GL_0.47 LPS_A2,Gasket Leak,1,11,1,1.0,1.0086922138549412
LO_GL_ND_A1,Gasket Leak,1,11,1,1.0,1.011230571083123
LO_GL_ND_A2,Gasket Leak,1,11,1,1.0,1.007333436326819
LO_GL_Transient_A1,Gasket Leak,1,11,1,0.7272727272727273,0.3119091012922216
LO_GL_Transient_A2,Gasket Leak,1,10,1,1.0,1.008803194779018
LO_LC_0.18 LPS_A1,Longitudinal Crack,1,11,1,1.0,0.9995094382676704
LO_LC_0.18 LPS_A2,Longitudinal Crack,1,10,1,1.0,0.9993636173859706
LO_LC_0.47 LPS_A1,Longitudinal Crack,1,10,1,1.0,0.9991425073808623
LO_LC_0.47 LPS_A2,Longitudinal Crack,1,10,1,1.0,1.0029008391135512
LO_LC_ND_A1,Longitudinal Crack,1,10,1,1.0,1.0069278792304273
LO_LC_ND_A2,Longitudinal Crack,1,11,1,1.0,1.002990299976701
LO_LC_Transient_A1,Longitudinal Crack,1,11,1,1.0,0.9878638514021696
LO_LC_Transient_A2,Longitudinal Crack,1,11,1,1.0,1.0056054178568277
LO_NL_0.18 LPS_A1,No Leak,0,10,0,0.1,-0.05171755180702151
LO_NL_0.18 LPS_A2,No Leak,0,11,1,1.0,0.4285118311716365
LO_NL_0.47 LPS_A1,No Leak,0,10,0,0.0,-1.2920527598499816
LO_NL_0.47 LPS_A2,No Leak,0,11,0,0.0,-1.2518243983927189
LO_NL_ND_A1,No Leak,0,10,1,1.0,1.0494402394086897
LO_NL_ND_A2,No Leak,0,10,1,1.0,0.8651609090006012
LO_NL_Transient_A1,No Leak,0,10,0,0.4,0.18814805734268053
LO_NL_Transient_A2,No Leak,0,10,0,0.4,-0.0906842681245454
LO_OL_0.18 LPS_A1,Orifice Leak,1,10,0,0.0,-0.23212410439419862
LO_OL_0.18 LPS_A2,Orifice Leak,1,11,0,0.0,-0.24184783239351326
LO_OL_0.47 LPS_A1,Orifice Leak,1,10,1,1.0,0.3619332115222841
LO_OL_0.47 LPS_A2,Orifice Leak,1,11,0,0.0,-1.8260950154636433
LO_OL_ND_A1,Orifice Leak,1,10,1,1.0,0.3635669741635127
LO_OL_ND_A2,Orifice Leak,1,10,0,0.4,0.018858004165869642
LO_OL_Transient_A1,Orifice Leak,1,11,0,0.2727272727272727,-0.5225811765358198
LO_OL_Transient_A2,Orifice Leak,1,11,0,0.45454545454545453,0.03801425510482535
